design,procedure,participant,period,position,posture,support,precision,recall,f1
grouped_repetitions,all10_default,Pooled,all_rows,1,Standing straight,25486,0.48945334395374224,0.6509848544298831,0.558779448663759
grouped_repetitions,all10_default,Pooled,all_rows,2,Left arm raise,3624,0.5183760683760684,0.3347130242825607,0.4067739771965124
grouped_repetitions,all10_default,Pooled,all_rows,3,Right arm raise,3598,0.43015931826602444,0.3226792662590328,0.3687470223916151
grouped_repetitions,all10_default,Pooled,all_rows,4,Left shoulder touch and twist,3593,0.2751060820367751,0.21653214583913163,0.24232985516274724
grouped_repetitions,all10_default,Pooled,all_rows,5,Right shoulder touch and twist,3600,0.3230904302019315,0.20444444444444446,0.2504253147329024
grouped_repetitions,all10_default,Pooled,all_rows,6,Both arms raise,3600,0.5618744313011829,0.34305555555555556,0.4260089686098655
grouped_repetitions,all10_default,Pooled,all_rows,7,Forward bend,3601,0.5318302387267905,0.3340738683698973,0.41037011768719084
grouped_repetitions,all10_default,Pooled,all_rows,8,Sitting,3599,0.3692587539790814,0.22561822728535705,0.2800965850293205
grouped_repetitions,all10_default,Pooled,held_only,1,Standing straight,21001,0.5123080018780602,0.7273939336222085,0.601192467384246
grouped_repetitions,all10_default,Pooled,held_only,2,Left arm raise,2995,0.6388888888888888,0.3609348914858097,0.4612758694260721
grouped_repetitions,all10_default,Pooled,held_only,3,Right arm raise,2995,0.5,0.32220367278797996,0.39187817258883245
grouped_repetitions,all10_default,Pooled,held_only,4,Left shoulder touch and twist,3001,0.2821002386634845,0.19693435521492836,0.23194662480376765
grouped_repetitions,all10_default,Pooled,held_only,5,Right shoulder touch and twist,3005,0.39438339438339437,0.21497504159733777,0.2782683609735085
grouped_repetitions,all10_default,Pooled,held_only,6,Both arms raise,3006,0.6845238095238095,0.38256819693945443,0.4908237302603501
grouped_repetitions,all10_default,Pooled,held_only,7,Forward bend,3001,0.673581452104942,0.3678773742085971,0.47586206896551725
grouped_repetitions,all10_default,Pooled,held_only,8,Sitting,3005,0.3862887277521424,0.19500831946755406,0.2591773551525874
grouped_repetitions,all10_default,P01,all_rows,1,Standing straight,8476,0.5025254762959681,0.6690655969797074,0.5739588077526441
grouped_repetitions,all10_default,P01,all_rows,2,Left arm raise,1223,0.43283582089552236,0.3793949304987735,0.4043572984749455
grouped_repetitions,all10_default,P01,all_rows,3,Right arm raise,1199,0.3870967741935484,0.3002502085070892,0.3381869422263974
grouped_repetitions,all10_default,P01,all_rows,4,Left shoulder touch and twist,1202,0.3288590604026846,0.20382695507487522,0.2516692347200822
grouped_repetitions,all10_default,P01,all_rows,5,Right shoulder touch and twist,1199,0.36363636363636365,0.24020016680567138,0.28930185836263184
grouped_repetitions,all10_default,P01,all_rows,6,Both arms raise,1199,0.5099099099099099,0.23603002502085071,0.322690992018244
grouped_repetitions,all10_default,P01,all_rows,7,Forward bend,1203,0.5962539021852237,0.4763092269326683,0.5295748613678372
grouped_repetitions,all10_default,P01,all_rows,8,Sitting,1199,0.4303571428571429,0.20100083402835697,0.2740193291642979
grouped_repetitions,all10_default,P01,held_only,1,Standing straight,6980,0.5298983456248755,0.7617478510028654,0.6250146937815917
grouped_repetitions,all10_default,P01,held_only,2,Left arm raise,1001,0.5158428390367554,0.4065934065934066,0.4547486033519553
grouped_repetitions,all10_default,P01,held_only,3,Right arm raise,998,0.42063492063492064,0.2655310621242485,0.3255528255528256
grouped_repetitions,all10_default,P01,held_only,4,Left shoulder touch and twist,1005,0.3971774193548387,0.19601990049751244,0.262491672218521
grouped_repetitions,all10_default,P01,held_only,5,Right shoulder touch and twist,1003,0.4587628865979381,0.2662013958125623,0.3369085173501577
grouped_repetitions,all10_default,P01,held_only,6,Both arms raise,1003,0.7611111111111111,0.2731804586241276,0.40205429200293474
grouped_repetitions,all10_default,P01,held_only,7,Forward bend,999,0.7057291666666666,0.5425425425425425,0.613469156762875
grouped_repetitions,all10_default,P01,held_only,8,Sitting,1000,0.5212121212121212,0.172,0.2586466165413534
grouped_repetitions,all10_default,P02,all_rows,1,Standing straight,8503,0.49155804391566793,0.6608255909678937,0.5637604093508578
grouped_repetitions,all10_default,P02,all_rows,2,Left arm raise,1200,0.6549295774647887,0.3875,0.486910994764398
grouped_repetitions,all10_default,P02,all_rows,3,Right arm raise,1201,0.5091130012150669,0.3488759367194005,0.4140316205533597
grouped_repetitions,all10_default,P02,all_rows,4,Left shoulder touch and twist,1194,0.2311377245508982,0.16164154103852596,0.19024149827501233
grouped_repetitions,all10_default,P02,all_rows,5,Right shoulder touch and twist,1200,0.344,0.25083333333333335,0.29012048192771084
grouped_repetitions,all10_default,P02,all_rows,6,Both arms raise,1201,0.5945674044265593,0.492089925062448,0.5384965831435079
grouped_repetitions,all10_default,P02,all_rows,7,Forward bend,1200,0.49909584086799275,0.23,0.31488876212207645
grouped_repetitions,all10_default,P02,all_rows,8,Sitting,1201,0.27835051546391754,0.15736885928393005,0.20106382978723403
grouped_repetitions,all10_default,P02,held_only,1,Standing straight,7015,0.5078070611636002,0.7278688524590164,0.5982425307557117
grouped_repetitions,all10_default,P02,held_only,2,Left arm raise,996,0.8153526970954357,0.39457831325301207,0.5317997293640054
grouped_repetitions,all10_default,P02,held_only,3,Right arm raise,1000,0.56957928802589,0.352,0.4351050679851669
grouped_repetitions,all10_default,P02,held_only,4,Left shoulder touch and twist,997,0.2042483660130719,0.12537612838515547,0.1553760099440646
grouped_repetitions,all10_default,P02,held_only,5,Right shoulder touch and twist,1000,0.34887218045112783,0.232,0.2786786786786787
grouped_repetitions,all10_default,P02,held_only,6,Both arms raise,999,0.6641318124207858,0.5245245245245245,0.5861297539149888
grouped_repetitions,all10_default,P02,held_only,7,Forward bend,1000,0.7011494252873564,0.244,0.3620178041543026
grouped_repetitions,all10_default,P02,held_only,8,Sitting,1003,0.2698412698412698,0.11864406779661017,0.16481994459833796
grouped_repetitions,all10_default,P03,all_rows,1,Standing straight,8507,0.47410786155084517,0.623133889737863,0.53850060950833
grouped_repetitions,all10_default,P03,all_rows,2,Left arm raise,1201,0.5089605734767025,0.23646960865945046,0.3229107447413303
grouped_repetitions,all10_default,P03,all_rows,3,Right arm raise,1198,0.40380549682875266,0.31886477462437396,0.3563432835820896
grouped_repetitions,all10_default,P03,all_rows,4,Left shoulder touch and twist,1197,0.2724358974358974,0.28404344193817876,0.278118609406953
grouped_repetitions,all10_default,P03,all_rows,5,Right shoulder touch and twist,1201,0.24058919803600654,0.12239800166527894,0.1622516556291391
grouped_repetitions,all10_default,P03,all_rows,6,Both arms raise,1200,0.5562403697996918,0.30083333333333334,0.39048134126554895
grouped_repetitions,all10_default,P03,all_rows,7,Forward bend,1198,0.4732620320855615,0.29549248747913187,0.36382322713257964
grouped_repetitions,all10_default,P03,all_rows,8,Sitting,1199,0.39791666666666664,0.31859883236030023,0.35386753126447423
grouped_repetitions,all10_default,P03,held_only,1,Standing straight,7006,0.4988179669030733,0.6926919783043106,0.5799820734986555
grouped_repetitions,all10_default,P03,held_only,2,Left arm raise,998,0.667458432304038,0.281563126252505,0.3960535588442565
grouped_repetitions,all10_default,P03,held_only,3,Right arm raise,997,0.5102639296187683,0.34904714142427284,0.41453245979749853
grouped_repetitions,all10_default,P03,held_only,4,Left shoulder touch and twist,999,0.2725430597771023,0.26926926926926925,0.27089627391742194
grouped_repetitions,all10_default,P03,held_only,5,Right shoulder touch and twist,1002,0.37595907928388744,0.1467065868263473,0.21105527638190957
grouped_repetitions,all10_default,P03,held_only,6,Both arms raise,1004,0.6629001883239172,0.350597609561753,0.45863192182410434
grouped_repetitions,all10_default,P03,held_only,7,Forward bend,1002,0.6080305927342257,0.31736526946107785,0.41704918032786886
grouped_repetitions,all10_default,P03,held_only,8,Sitting,1002,0.39544235924932974,0.2944111776447106,0.3375286041189931
grouped_repetitions,all10_tuned,Pooled,all_rows,1,Standing straight,25486,0.4883819180397127,0.36286588715373147,0.4163702669848273
grouped_repetitions,all10_tuned,Pooled,all_rows,2,Left arm raise,3624,0.5209055680195799,0.7047461368653422,0.599038348774481
grouped_repetitions,all10_tuned,Pooled,all_rows,3,Right arm raise,3598,0.41616526273565985,0.5767092829349638,0.48345759552656103
grouped_repetitions,all10_tuned,Pooled,all_rows,4,Left shoulder touch and twist,3593,0.3816261082814563,0.5630392429724465,0.4549134247807511
grouped_repetitions,all10_tuned,Pooled,all_rows,5,Right shoulder touch and twist,3600,0.3983797950917322,0.46444444444444444,0.42888290368090287
grouped_repetitions,all10_tuned,Pooled,all_rows,6,Both arms raise,3600,0.4876847290640394,0.605,0.5400446317877511
grouped_repetitions,all10_tuned,Pooled,all_rows,7,Forward bend,3601,0.48840109753055627,0.5437378505970564,0.5145860709592641
grouped_repetitions,all10_tuned,Pooled,all_rows,8,Sitting,3599,0.42172687676146553,0.45734926368435674,0.4388163156491602
grouped_repetitions,all10_tuned,Pooled,held_only,1,Standing straight,21001,0.5189425728329936,0.41221846578734345,0.45946448000424595
grouped_repetitions,all10_tuned,Pooled,held_only,2,Left arm raise,2995,0.5678887484197219,0.7499165275459099,0.6463309352517986
grouped_repetitions,all10_tuned,Pooled,held_only,3,Right arm raise,2995,0.46015155474261826,0.5879799666110184,0.5162708883025505
grouped_repetitions,all10_tuned,Pooled,held_only,4,Left shoulder touch and twist,3001,0.395653189997663,0.5641452849050317,0.4651098901098902
grouped_repetitions,all10_tuned,Pooled,held_only,5,Right shoulder touch and twist,3005,0.4396294082486551,0.48951747088186354,0.4632341363564793
grouped_repetitions,all10_tuned,Pooled,held_only,6,Both arms raise,3006,0.5197493870879869,0.6347305389221557,0.5715141530627528
grouped_repetitions,all10_tuned,Pooled,held_only,7,Forward bend,3001,0.5376035691523263,0.5621459513495501,0.5496009122006842
grouped_repetitions,all10_tuned,Pooled,held_only,8,Sitting,3005,0.43587270973963355,0.4512479201331115,0.4434270765206017
grouped_repetitions,all10_tuned,P01,all_rows,1,Standing straight,8476,0.5113508291740461,0.37470504955167533,0.43249131885340786
grouped_repetitions,all10_tuned,P01,all_rows,2,Left arm raise,1223,0.4460325283390833,0.7399836467702371,0.5565805658056581
grouped_repetitions,all10_tuned,P01,all_rows,3,Right arm raise,1199,0.4353448275862069,0.5896580483736447,0.5008855827134254
grouped_repetitions,all10_tuned,P01,all_rows,4,Left shoulder touch and twist,1202,0.3851239669421488,0.5815307820299501,0.46337421279416646
grouped_repetitions,all10_tuned,P01,all_rows,5,Right shoulder touch and twist,1199,0.43345195729537367,0.5079232693911593,0.46774193548387094
grouped_repetitions,all10_tuned,P01,all_rows,6,Both arms raise,1199,0.4276595744680851,0.5029190992493745,0.46224607129168266
grouped_repetitions,all10_tuned,P01,all_rows,7,Forward bend,1203,0.5294964028776978,0.6118038237738986,0.5676822213652142
grouped_repetitions,all10_tuned,P01,all_rows,8,Sitting,1199,0.43996062992125984,0.37281067556296915,0.40361173814898427
grouped_repetitions,all10_tuned,P01,held_only,1,Standing straight,6980,0.5489625045504186,0.4320916905444126,0.48356581689915024
grouped_repetitions,all10_tuned,P01,held_only,2,Left arm raise,1001,0.47319201995012466,0.7582417582417582,0.582725527831094
grouped_repetitions,all10_tuned,P01,held_only,3,Right arm raise,998,0.48314606741573035,0.6032064128256514,0.5365418894830659
grouped_repetitions,all10_tuned,P01,held_only,4,Left shoulder touch and twist,1005,0.4178595773687798,0.609950248756219,0.49595469255663427
grouped_repetitions,all10_tuned,P01,held_only,5,Right shoulder touch and twist,1003,0.48118279569892475,0.5353938185443669,0.5068428504011326
grouped_repetitions,all10_tuned,P01,held_only,6,Both arms raise,1003,0.4605377276669558,0.5294117647058824,0.49257884972170685
grouped_repetitions,all10_tuned,P01,held_only,7,Forward bend,999,0.5950704225352113,0.6766766766766766,0.633255269320843
grouped_repetitions,all10_tuned,P01,held_only,8,Sitting,1000,0.5084087968952135,0.393,0.4433164128595601
grouped_repetitions,all10_tuned,P02,all_rows,1,Standing straight,8503,0.4713579528932829,0.3812771962836646,0.4215590663805994
grouped_repetitions,all10_tuned,P02,all_rows,2,Left arm raise,1200,0.6076523994811932,0.7808333333333334,0.6834427425237053
grouped_repetitions,all10_tuned,P02,all_rows,3,Right arm raise,1201,0.42298578199052134,0.5945045795170691,0.4942886812045691
grouped_repetitions,all10_tuned,P02,all_rows,4,Left shoulder touch and twist,1194,0.32084155161078237,0.40871021775544386,0.35948434622467773
grouped_repetitions,all10_tuned,P02,all_rows,5,Right shoulder touch and twist,1200,0.3949579831932773,0.47,0.4292237442922375
grouped_repetitions,all10_tuned,P02,all_rows,6,Both arms raise,1201,0.5897435897435898,0.7085761865112407,0.6437216338880485
grouped_repetitions,all10_tuned,P02,all_rows,7,Forward bend,1200,0.4466338259441708,0.4533333333333333,0.44995864350703063
grouped_repetitions,all10_tuned,P02,all_rows,8,Sitting,1201,0.39086294416243655,0.38467943380516234,0.38774653797733943
grouped_repetitions,all10_tuned,P02,held_only,1,Standing straight,7015,0.49360944830933506,0.43492516037063433,0.46241285237950897
grouped_repetitions,all10_tuned,P02,held_only,2,Left arm raise,996,0.6695652173913044,0.8504016064257028,0.7492260061919506
grouped_repetitions,all10_tuned,P02,held_only,3,Right arm raise,1000,0.4756195043964828,0.595,0.5286539315859617
grouped_repetitions,all10_tuned,P02,held_only,4,Left shoulder touch and twist,997,0.30711297071129706,0.36810431293881646,0.3348540145985401
grouped_repetitions,all10_tuned,P02,held_only,5,Right shoulder touch and twist,1000,0.40106951871657753,0.45,0.4241281809613572
grouped_repetitions,all10_tuned,P02,held_only,6,Both arms raise,999,0.628909551986475,0.7447447447447447,0.6819431714023831
grouped_repetitions,all10_tuned,P02,held_only,7,Forward bend,1000,0.47052280311457173,0.423,0.44549763033175355
grouped_repetitions,all10_tuned,P02,held_only,8,Sitting,1003,0.38293216630196936,0.3489531405782652,0.3651538862806468
grouped_repetitions,all10_tuned,P03,all_rows,1,Standing straight,8507,0.48400889344963227,0.33266721523451276,0.3943151734708096
grouped_repetitions,all10_tuned,P03,all_rows,2,Left arm raise,1201,0.5345345345345346,0.5928393005828476,0.5621792341097513
grouped_repetitions,all10_tuned,P03,all_rows,3,Right arm raise,1198,0.3906810035842294,0.5459098497495827,0.4554317548746518
grouped_repetitions,all10_tuned,P03,all_rows,4,Left shoulder touch and twist,1197,0.42544529262086517,0.6984126984126984,0.5287792536369386
grouped_repetitions,all10_tuned,P03,all_rows,5,Right shoulder touch and twist,1201,0.3658357771260997,0.4154870940882598,0.38908382066276803
grouped_repetitions,all10_tuned,P03,all_rows,6,Both arms raise,1200,0.44885306881587106,0.6033333333333334,0.5147529328119446
grouped_repetitions,all10_tuned,P03,all_rows,7,Forward bend,1198,0.48394004282655245,0.5659432387312187,0.5217391304347826
grouped_repetitions,all10_tuned,P03,all_rows,8,Sitting,1199,0.432258064516129,0.6146788990825688,0.5075757575757576
grouped_repetitions,all10_tuned,P03,held_only,1,Standing straight,7006,0.5172758138605952,0.3696831287467885,0.43119953383834186
grouped_repetitions,all10_tuned,P03,held_only,2,Left arm raise,998,0.5893186003683242,0.6412825651302605,0.6142034548944338
grouped_repetitions,all10_tuned,P03,held_only,3,Right arm raise,997,0.42406015037593986,0.5656970912738215,0.4847443059733563
grouped_repetitions,all10_tuned,P03,held_only,4,Left shoulder touch and twist,999,0.4409400123685838,0.7137137137137137,0.5451070336391437
grouped_repetitions,all10_tuned,P03,held_only,5,Right shoulder touch and twist,1002,0.4368231046931408,0.48303393213572854,0.45876777251184836
grouped_repetitions,all10_tuned,P03,held_only,6,Both arms raise,1004,0.47415730337078654,0.6304780876494024,0.5412569474134246
grouped_repetitions,all10_tuned,P03,held_only,7,Forward bend,1002,0.5330915684496826,0.5868263473053892,0.5586698337292161
grouped_repetitions,all10_tuned,P03,held_only,8,Sitting,1002,0.43047752808988765,0.6117764471057884,0.5053586150041219
grouped_repetitions,triplet_default,Pooled,all_rows,1,Standing straight,25486,0.4997757460755563,0.5683904888958644,0.5318793486442327
grouped_repetitions,triplet_default,Pooled,all_rows,2,Left arm raise,3624,0.32157226864747757,0.2866997792494481,0.30313639679066373
grouped_repetitions,triplet_default,Pooled,all_rows,3,Right arm raise,3598,0.41571139581928523,0.3426903835464147,0.3756855575868373
grouped_repetitions,triplet_default,Pooled,all_rows,4,Left shoulder touch and twist,3593,0.3481524249422633,0.3356526579460061,0.3417882953096217
grouped_repetitions,triplet_default,Pooled,all_rows,5,Right shoulder touch and twist,3600,0.28278221208665905,0.20666666666666667,0.23880597014925373
grouped_repetitions,triplet_default,Pooled,all_rows,6,Both arms raise,3600,0.33436853002070394,0.26916666666666667,0.29824561403508776
grouped_repetitions,triplet_default,Pooled,all_rows,7,Forward bend,3601,0.4106743368488335,0.3568453207442377,0.3818722139673105
grouped_repetitions,triplet_default,Pooled,all_rows,8,Sitting,3599,0.29025610833088017,0.2739649902750764,0.28187535734705543
grouped_repetitions,triplet_default,Pooled,held_only,1,Standing straight,21001,0.5113087572440438,0.6049711918480072,0.5542105607537786
grouped_repetitions,triplet_default,Pooled,held_only,2,Left arm raise,2995,0.32432432432432434,0.28046744574290483,0.3008057296329454
grouped_repetitions,triplet_default,Pooled,held_only,3,Right arm raise,2995,0.4971072541165999,0.3729549248747913,0.42617321632964517
grouped_repetitions,triplet_default,Pooled,held_only,4,Left shoulder touch and twist,3001,0.3845045045045045,0.35554815061646117,0.36945983379501385
grouped_repetitions,triplet_default,Pooled,held_only,5,Right shoulder touch and twist,3005,0.2928849902534113,0.2,0.23769033023531738
grouped_repetitions,triplet_default,Pooled,held_only,6,Both arms raise,3006,0.35207721359630717,0.2791084497671324,0.311375023195398
grouped_repetitions,triplet_default,Pooled,held_only,7,Forward bend,3001,0.4546881129854845,0.3862045984671776,0.41765765765765767
grouped_repetitions,triplet_default,Pooled,held_only,8,Sitting,3005,0.301364522417154,0.2572379367720466,0.2775583482944345
grouped_repetitions,triplet_default,P01,all_rows,1,Standing straight,8476,0.49504846186262114,0.5543888626710712,0.5230409617097062
grouped_repetitions,triplet_default,P01,all_rows,2,Left arm raise,1223,0.3988050784167289,0.4366312346688471,0.41686182669789235
grouped_repetitions,triplet_default,P01,all_rows,3,Right arm raise,1199,0.3935969868173258,0.3486238532110092,0.3697478991596639
grouped_repetitions,triplet_default,P01,all_rows,4,Left shoulder touch and twist,1202,0.2940613026819923,0.25540765391014975,0.2733748886910063
grouped_repetitions,triplet_default,P01,all_rows,5,Right shoulder touch and twist,1199,0.3227906976744186,0.28940783986655544,0.30518909410729994
grouped_repetitions,triplet_default,P01,all_rows,6,Both arms raise,1199,0.26851851851851855,0.24186822351959966,0.2544975866608161
grouped_repetitions,triplet_default,P01,all_rows,7,Forward bend,1203,0.41223103057757643,0.3025768911055694,0.348993288590604
grouped_repetitions,triplet_default,P01,all_rows,8,Sitting,1199,0.2691891891891892,0.20767306088407006,0.2344632768361582
grouped_repetitions,triplet_default,P01,held_only,1,Standing straight,6980,0.49939009514515736,0.5865329512893983,0.5394650151535116
grouped_repetitions,triplet_default,P01,held_only,2,Left arm raise,1001,0.3938832252085264,0.4245754245754246,0.40865384615384615
grouped_repetitions,triplet_default,P01,held_only,3,Right arm raise,998,0.482367758186398,0.3837675350701403,0.42745535714285715
grouped_repetitions,triplet_default,P01,held_only,4,Left shoulder touch and twist,1005,0.30759651307596514,0.24577114427860697,0.27323008849557523
grouped_repetitions,triplet_default,P01,held_only,5,Right shoulder touch and twist,1003,0.3245109321058688,0.2811565304087737,0.30128205128205127
grouped_repetitions,triplet_default,P01,held_only,6,Both arms raise,1003,0.2747747747747748,0.2432701894317049,0.25806451612903225
grouped_repetitions,triplet_default,P01,held_only,7,Forward bend,999,0.43733333333333335,0.3283283283283283,0.3750714694110921
grouped_repetitions,triplet_default,P01,held_only,8,Sitting,1000,0.2746710526315789,0.167,0.20771144278606965
grouped_repetitions,triplet_default,P02,all_rows,1,Standing straight,8503,0.4745780480134186,0.5324003292955427,0.5018290655138011
grouped_repetitions,triplet_default,P02,all_rows,2,Left arm raise,1200,0.30009871668311944,0.25333333333333335,0.2747401717126073
grouped_repetitions,triplet_default,P02,all_rows,3,Right arm raise,1201,0.4799154334038055,0.37801831806827646,0.4229156963204472
grouped_repetitions,triplet_default,P02,all_rows,4,Left shoulder touch and twist,1194,0.3760611205432937,0.3710217755443886,0.3735244519392917
grouped_repetitions,triplet_default,P02,all_rows,5,Right shoulder touch and twist,1200,0.2636871508379888,0.19666666666666666,0.22529832935560856
grouped_repetitions,triplet_default,P02,all_rows,6,Both arms raise,1201,0.4158415841584158,0.38467943380516234,0.3996539792387543
grouped_repetitions,triplet_default,P02,all_rows,7,Forward bend,1200,0.4667381974248927,0.3625,0.4080675422138837
grouped_repetitions,triplet_default,P02,all_rows,8,Sitting,1201,0.15241057542768274,0.16319733555370525,0.15761962203457983
grouped_repetitions,triplet_default,P02,held_only,1,Standing straight,7015,0.488861985472155,0.5756236635780471,0.5287070376432079
grouped_repetitions,triplet_default,P02,held_only,2,Left arm raise,996,0.3053152039555006,0.24799196787148595,0.2736842105263158
grouped_repetitions,triplet_default,P02,held_only,3,Right arm raise,1000,0.5609103078982597,0.419,0.47967945048654836
grouped_repetitions,triplet_default,P02,held_only,4,Left shoulder touch and twist,997,0.4125799573560768,0.3881644934804413,0.4
grouped_repetitions,triplet_default,P02,held_only,5,Right shoulder touch and twist,1000,0.24283559577677225,0.161,0.1936259771497294
grouped_repetitions,triplet_default,P02,held_only,6,Both arms raise,999,0.452914798206278,0.4044044044044044,0.4272871496562665
grouped_repetitions,triplet_default,P02,held_only,7,Forward bend,1000,0.5501432664756447,0.384,0.45229681978798586
grouped_repetitions,triplet_default,P02,held_only,8,Sitting,1003,0.14955134596211367,0.14955134596211367,0.14955134596211367
grouped_repetitions,triplet_default,P03,all_rows,1,Standing straight,8507,0.5284307815953385,0.6183143293758081,0.5698499539569903
grouped_repetitions,triplet_default,P03,all_rows,2,Left arm raise,1201,0.22866894197952217,0.16736053288925895,0.19326923076923075
grouped_repetitions,triplet_default,P03,all_rows,3,Right arm raise,1198,0.3768267223382046,0.3013355592654424,0.33487940630797774
grouped_repetitions,triplet_default,P03,all_rows,4,Left shoulder touch and twist,1197,0.3671497584541063,0.38095238095238093,0.3739237392373923
grouped_repetitions,triplet_default,P03,all_rows,5,Right shoulder touch and twist,1201,0.24357034795763993,0.1340549542048293,0.17293233082706763
grouped_repetitions,triplet_default,P03,all_rows,6,Both arms raise,1200,0.3069306930693069,0.18083333333333335,0.22758259045621396
grouped_repetitions,triplet_default,P03,all_rows,7,Forward bend,1198,0.3698630136986301,0.4056761268781302,0.38694267515923564
grouped_repetitions,triplet_default,P03,all_rows,8,Sitting,1199,0.45615514333895446,0.451209341117598,0.4536687631027253
grouped_repetitions,triplet_default,P03,held_only,1,Standing straight,7006,0.5450536352800953,0.6527262346560091,0.5940504027020005
grouped_repetitions,triplet_default,P03,held_only,2,Left arm raise,998,0.23931623931623933,0.1683366733466934,0.19764705882352943
grouped_repetitions,triplet_default,P03,held_only,3,Right arm raise,997,0.4461756373937677,0.3159478435305918,0.369935408103347
grouped_repetitions,triplet_default,P03,held_only,4,Left shoulder touch and twist,999,0.41876208897485495,0.43343343343343343,0.425971470732907
grouped_repetitions,triplet_default,P03,held_only,5,Right shoulder touch and twist,1002,0.3038461538461538,0.15768463073852296,0.2076215505913272
grouped_repetitions,triplet_default,P03,held_only,6,Both arms raise,1004,0.3167495854063018,0.1902390438247012,0.23771001866832606
grouped_repetitions,triplet_default,P03,held_only,7,Forward bend,1002,0.40599455040871935,0.44610778443113774,0.42510699001426533
grouped_repetitions,triplet_default,P03,held_only,8,Sitting,1002,0.4779874213836478,0.4550898203592814,0.46625766871165647
random_rows,all10_default,Pooled,all_rows,1,Standing straight,5098,0.9370229007633588,0.9631227932522558,0.9498935964403175
random_rows,all10_default,Pooled,all_rows,2,Left arm raise,724,0.9549295774647887,0.93646408839779,0.9456066945606694
random_rows,all10_default,Pooled,all_rows,3,Right arm raise,720,0.9586894586894587,0.9347222222222222,0.9465541490857947
random_rows,all10_default,Pooled,all_rows,4,Left shoulder touch and twist,718,0.9416785206258891,0.9220055710306406,0.9317382125263899
random_rows,all10_default,Pooled,all_rows,5,Right shoulder touch and twist,720,0.9612625538020086,0.9305555555555556,0.9456598447424136
random_rows,all10_default,Pooled,all_rows,6,Both arms raise,720,0.96987087517934,0.9388888888888889,0.9541284403669724
random_rows,all10_default,Pooled,all_rows,7,Forward bend,721,0.9558404558404558,0.9306518723994452,0.9430780042164442
random_rows,all10_default,Pooled,all_rows,8,Sitting,720,0.972463768115942,0.9319444444444445,0.9517730496453901
random_rows,all10_default,Pooled,held_only,1,Standing straight,4222,0.966410076976907,0.9812884888678352,0.9737924550475966
random_rows,all10_default,Pooled,held_only,2,Left arm raise,587,0.9825479930191972,0.959114139693356,0.9706896551724138
random_rows,all10_default,Pooled,held_only,3,Right arm raise,611,0.9833055091819699,0.9639934533551555,0.9735537190082645
random_rows,all10_default,Pooled,held_only,4,Left shoulder touch and twist,611,0.9573070607553367,0.9541734860883797,0.9557377049180328
random_rows,all10_default,Pooled,held_only,5,Right shoulder touch and twist,603,0.9814814814814815,0.966832504145937,0.9741019214703426
random_rows,all10_default,Pooled,held_only,6,Both arms raise,615,0.9868204283360791,0.9739837398373984,0.9803600654664485
random_rows,all10_default,Pooled,held_only,7,Forward bend,608,0.9817275747508306,0.9720394736842105,0.9768595041322314
random_rows,all10_default,Pooled,held_only,8,Sitting,609,0.984873949579832,0.9622331691297209,0.9734219269102992
random_rows,all10_default,P01,all_rows,1,Standing straight,1695,0.9428406466512702,0.9634218289085545,0.9530201342281879
random_rows,all10_default,P01,all_rows,2,Left arm raise,244,0.9545454545454546,0.9467213114754098,0.9506172839506174
random_rows,all10_default,P01,all_rows,3,Right arm raise,240,0.9789915966386554,0.9708333333333333,0.9748953974895397
random_rows,all10_default,P01,all_rows,4,Left shoulder touch and twist,240,0.9344262295081968,0.95,0.9421487603305784
random_rows,all10_default,P01,all_rows,5,Right shoulder touch and twist,240,0.9615384615384616,0.9375,0.9493670886075949
random_rows,all10_default,P01,all_rows,6,Both arms raise,240,0.9623430962343096,0.9583333333333334,0.9603340292275573
random_rows,all10_default,P01,all_rows,7,Forward bend,241,0.960352422907489,0.9045643153526971,0.9316239316239316
random_rows,all10_default,P01,all_rows,8,Sitting,240,0.9732142857142857,0.9083333333333333,0.9396551724137931
random_rows,all10_default,P01,held_only,1,Standing straight,1397,0.9546089385474861,0.9785254115962777,0.9664192294096854
random_rows,all10_default,P01,held_only,2,Left arm raise,199,0.9639175257731959,0.9396984924623115,0.9516539440203563
random_rows,all10_default,P01,held_only,3,Right arm raise,203,0.99,0.9753694581280788,0.9826302729528535
random_rows,all10_default,P01,held_only,4,Left shoulder touch and twist,208,0.9660194174757282,0.9567307692307693,0.961352657004831
random_rows,all10_default,P01,held_only,5,Right shoulder touch and twist,199,0.9698492462311558,0.9698492462311558,0.9698492462311558
random_rows,all10_default,P01,held_only,6,Both arms raise,202,0.9949238578680203,0.9702970297029703,0.9824561403508772
random_rows,all10_default,P01,held_only,7,Forward bend,200,0.9639175257731959,0.935,0.949238578680203
random_rows,all10_default,P01,held_only,8,Sitting,207,0.9844559585492227,0.9178743961352657,0.95
random_rows,all10_default,P02,all_rows,1,Standing straight,1701,0.934323243860651,0.9617871840094062,0.9478563151796059
random_rows,all10_default,P02,all_rows,2,Left arm raise,240,0.9531914893617022,0.9333333333333333,0.9431578947368421
random_rows,all10_default,P02,all_rows,3,Right arm raise,240,0.9473684210526315,0.9,0.9230769230769231
random_rows,all10_default,P02,all_rows,4,Left shoulder touch and twist,239,0.9414414414414415,0.8744769874476988,0.9067245119305858
random_rows,all10_default,P02,all_rows,5,Right shoulder touch and twist,240,0.95,0.95,0.9500000000000001
random_rows,all10_default,P02,all_rows,6,Both arms raise,240,0.9827586206896551,0.95,0.9661016949152542
random_rows,all10_default,P02,all_rows,7,Forward bend,240,0.9377593360995851,0.9416666666666667,0.9397089397089397
random_rows,all10_default,P02,all_rows,8,Sitting,240,0.9826839826839827,0.9458333333333333,0.9639065817409765
random_rows,all10_default,P02,held_only,1,Standing straight,1409,0.9858356940509915,0.9879347054648687,0.9868840836582772
random_rows,all10_default,P02,held_only,2,Left arm raise,197,0.9898477157360406,0.9898477157360406,0.9898477157360406
random_rows,all10_default,P02,held_only,3,Right arm raise,207,0.9950248756218906,0.966183574879227,0.9803921568627451
random_rows,all10_default,P02,held_only,4,Left shoulder touch and twist,194,0.9637305699481865,0.9587628865979382,0.9612403100775193
random_rows,all10_default,P02,held_only,5,Right shoulder touch and twist,201,0.9852216748768473,0.9950248756218906,0.9900990099009901
random_rows,all10_default,P02,held_only,6,Both arms raise,206,0.9903846153846154,1.0,0.9951690821256038
random_rows,all10_default,P02,held_only,7,Forward bend,208,0.9903381642512077,0.9855769230769231,0.9879518072289156
random_rows,all10_default,P02,held_only,8,Sitting,203,0.9950980392156863,1.0,0.9975429975429976
random_rows,all10_default,P03,all_rows,1,Standing straight,1702,0.9339783722253842,0.964159811985899,0.9488291413703382
random_rows,all10_default,P03,all_rows,2,Left arm raise,240,0.9570815450643777,0.9291666666666667,0.9429175475687104
random_rows,all10_default,P03,all_rows,3,Right arm raise,240,0.9491525423728814,0.9333333333333333,0.9411764705882353
random_rows,all10_default,P03,all_rows,4,Left shoulder touch and twist,239,0.9493670886075949,0.9414225941422594,0.9453781512605042
random_rows,all10_default,P03,all_rows,5,Right shoulder touch and twist,240,0.9730941704035875,0.9041666666666667,0.937365010799136
random_rows,all10_default,P03,all_rows,6,Both arms raise,240,0.9646017699115044,0.9083333333333333,0.9356223175965666
random_rows,all10_default,P03,all_rows,7,Forward bend,240,0.9700854700854701,0.9458333333333333,0.9578059071729956
random_rows,all10_default,P03,all_rows,8,Sitting,240,0.9617021276595744,0.9416666666666667,0.951578947368421
random_rows,all10_default,P03,held_only,1,Standing straight,1416,0.9591129591129591,0.9774011299435028,0.968170689052116
random_rows,all10_default,P03,held_only,2,Left arm raise,191,0.9945054945054945,0.9476439790575916,0.9705093833780161
random_rows,all10_default,P03,held_only,3,Right arm raise,201,0.9646464646464646,0.9502487562189055,0.9573934837092732
random_rows,all10_default,P03,held_only,4,Left shoulder touch and twist,209,0.9428571428571428,0.9473684210526315,0.945107398568019
random_rows,all10_default,P03,held_only,5,Right shoulder touch and twist,203,0.9895833333333334,0.9359605911330049,0.9620253164556962
random_rows,all10_default,P03,held_only,6,Both arms raise,207,0.9752475247524752,0.9516908212560387,0.9633251833740831
random_rows,all10_default,P03,held_only,7,Forward bend,200,0.9900497512437811,0.995,0.9925187032418954
random_rows,all10_default,P03,held_only,8,Sitting,199,0.9747474747474747,0.9698492462311558,0.9722921914357683
random_rows,all10_tuned,Pooled,all_rows,1,Standing straight,5098,0.9532782157277446,0.972538250294233,0.9628119234877173
random_rows,all10_tuned,Pooled,all_rows,2,Left arm raise,724,0.973314606741573,0.9571823204419889,0.9651810584958217
random_rows,all10_tuned,Pooled,all_rows,3,Right arm raise,720,0.9663865546218487,0.9583333333333334,0.9623430962343097
random_rows,all10_tuned,Pooled,all_rows,4,Left shoulder touch and twist,718,0.9669540229885057,0.9373259052924791,0.9519094766619519
random_rows,all10_tuned,Pooled,all_rows,5,Right shoulder touch and twist,720,0.9717514124293786,0.9555555555555556,0.9635854341736695
random_rows,all10_tuned,Pooled,all_rows,6,Both arms raise,720,0.9742857142857143,0.9472222222222222,0.9605633802816901
random_rows,all10_tuned,Pooled,all_rows,7,Forward bend,721,0.9674220963172805,0.9472954230235784,0.9572529782761038
random_rows,all10_tuned,Pooled,all_rows,8,Sitting,720,0.9730113636363636,0.9513888888888888,0.9620786516853931
random_rows,all10_tuned,Pooled,held_only,1,Standing straight,4222,0.9783427495291902,0.984367598294647,0.9813459268004722
random_rows,all10_tuned,Pooled,held_only,2,Left arm raise,587,0.9930313588850174,0.9710391822827938,0.9819121447028424
random_rows,all10_tuned,Pooled,held_only,3,Right arm raise,611,0.975767366720517,0.9885433715220949,0.9821138211382113
random_rows,all10_tuned,Pooled,held_only,4,Left shoulder touch and twist,611,0.9768595041322314,0.967266775777414,0.9720394736842105
random_rows,all10_tuned,Pooled,held_only,5,Right shoulder touch and twist,603,0.9882943143812709,0.9800995024875622,0.984179850124896
random_rows,all10_tuned,Pooled,held_only,6,Both arms raise,615,0.9852459016393442,0.9772357723577236,0.9812244897959185
random_rows,all10_tuned,Pooled,held_only,7,Forward bend,608,0.9787581699346405,0.9851973684210527,0.981967213114754
random_rows,all10_tuned,Pooled,held_only,8,Sitting,609,0.9866666666666667,0.9720853858784894,0.9793217535153019
random_rows,all10_tuned,P01,all_rows,1,Standing straight,1695,0.9571511291256514,0.9752212389380531,0.9661016949152542
random_rows,all10_tuned,P01,all_rows,2,Left arm raise,244,0.9789915966386554,0.9549180327868853,0.9668049792531119
random_rows,all10_tuned,P01,all_rows,3,Right arm raise,240,0.9830508474576272,0.9666666666666667,0.9747899159663865
random_rows,all10_tuned,P01,all_rows,4,Left shoulder touch and twist,240,0.9543568464730291,0.9583333333333334,0.9563409563409564
random_rows,all10_tuned,P01,all_rows,5,Right shoulder touch and twist,240,0.970954356846473,0.975,0.9729729729729729
random_rows,all10_tuned,P01,all_rows,6,Both arms raise,240,0.9871244635193133,0.9583333333333334,0.9725158562367865
random_rows,all10_tuned,P01,all_rows,7,Forward bend,241,0.9615384615384616,0.9336099585062241,0.9473684210526316
random_rows,all10_tuned,P01,all_rows,8,Sitting,240,0.9739130434782609,0.9333333333333333,0.9531914893617022
random_rows,all10_tuned,P01,held_only,1,Standing straight,1397,0.9689484827099506,0.9828203292770222,0.9758351101634685
random_rows,all10_tuned,P01,held_only,2,Left arm raise,199,0.9792746113989638,0.949748743718593,0.9642857142857144
random_rows,all10_tuned,P01,held_only,3,Right arm raise,203,0.9803921568627451,0.9852216748768473,0.9828009828009828
random_rows,all10_tuned,P01,held_only,4,Left shoulder touch and twist,208,0.9758454106280193,0.9711538461538461,0.9734939759036145
random_rows,all10_tuned,P01,held_only,5,Right shoulder touch and twist,199,0.98,0.9849246231155779,0.9824561403508771
random_rows,all10_tuned,P01,held_only,6,Both arms raise,202,1.0,0.9702970297029703,0.9849246231155778
random_rows,all10_tuned,P01,held_only,7,Forward bend,200,0.9601990049751243,0.965,0.9625935162094762
random_rows,all10_tuned,P01,held_only,8,Sitting,207,0.9898477157360406,0.9420289855072463,0.9653465346534653
random_rows,all10_tuned,P02,all_rows,1,Standing straight,1701,0.9468267581475128,0.9735449735449735,0.9599999999999999
random_rows,all10_tuned,P02,all_rows,2,Left arm raise,240,0.9744680851063829,0.9541666666666667,0.9642105263157894
random_rows,all10_tuned,P02,all_rows,3,Right arm raise,240,0.961038961038961,0.925,0.9426751592356688
random_rows,all10_tuned,P02,all_rows,4,Left shoulder touch and twist,239,0.9681818181818181,0.891213389121339,0.9281045751633988
random_rows,all10_tuned,P02,all_rows,5,Right shoulder touch and twist,240,0.9661016949152542,0.95,0.957983193277311
random_rows,all10_tuned,P02,all_rows,6,Both arms raise,240,0.9789029535864979,0.9666666666666667,0.9727463312368972
random_rows,all10_tuned,P02,all_rows,7,Forward bend,240,0.9620253164556962,0.95,0.9559748427672956
random_rows,all10_tuned,P02,all_rows,8,Sitting,240,0.9829787234042553,0.9625,0.9726315789473684
random_rows,all10_tuned,P02,held_only,1,Standing straight,1409,0.9921875,0.9914833215046132,0.9918352857649981
random_rows,all10_tuned,P02,held_only,2,Left arm raise,197,1.0,0.9949238578680203,0.9974554707379135
random_rows,all10_tuned,P02,held_only,3,Right arm raise,207,0.9855769230769231,0.9903381642512077,0.9879518072289156
random_rows,all10_tuned,P02,held_only,4,Left shoulder touch and twist,194,0.9790575916230366,0.9639175257731959,0.9714285714285715
random_rows,all10_tuned,P02,held_only,5,Right shoulder touch and twist,201,0.995049504950495,1.0,0.9975186104218362
random_rows,all10_tuned,P02,held_only,6,Both arms raise,206,0.9903846153846154,1.0,0.9951690821256038
random_rows,all10_tuned,P02,held_only,7,Forward bend,208,0.9903846153846154,0.9903846153846154,0.9903846153846154
random_rows,all10_tuned,P02,held_only,8,Sitting,203,0.9950980392156863,1.0,0.9975429975429976
random_rows,all10_tuned,P03,all_rows,1,Standing straight,1702,0.9559420289855073,0.9688601645123385,0.9623577473008462
random_rows,all10_tuned,P03,all_rows,2,Left arm raise,240,0.9665271966527197,0.9625,0.964509394572025
random_rows,all10_tuned,P03,all_rows,3,Right arm raise,240,0.9554655870445344,0.9833333333333333,0.9691991786447638
random_rows,all10_tuned,P03,all_rows,4,Left shoulder touch and twist,239,0.9787234042553191,0.9623430962343096,0.9704641350210971
random_rows,all10_tuned,P03,all_rows,5,Right shoulder touch and twist,240,0.9783549783549783,0.9416666666666667,0.9596602972399151
random_rows,all10_tuned,P03,all_rows,6,Both arms raise,240,0.9565217391304348,0.9166666666666666,0.9361702127659574
random_rows,all10_tuned,P03,all_rows,7,Forward bend,240,0.9787234042553191,0.9583333333333334,0.968421052631579
random_rows,all10_tuned,P03,all_rows,8,Sitting,240,0.9623430962343096,0.9583333333333334,0.9603340292275573
random_rows,all10_tuned,P03,held_only,1,Standing straight,1416,0.9739985945186226,0.9788135593220338,0.9764001408946812
random_rows,all10_tuned,P03,held_only,2,Left arm raise,191,1.0,0.9685863874345549,0.9840425531914894
random_rows,all10_tuned,P03,held_only,3,Right arm raise,201,0.961352657004831,0.9900497512437811,0.9754901960784315
random_rows,all10_tuned,P03,held_only,4,Left shoulder touch and twist,209,0.9758454106280193,0.9665071770334929,0.9711538461538461
random_rows,all10_tuned,P03,held_only,5,Right shoulder touch and twist,203,0.9897959183673469,0.9556650246305419,0.9724310776942356
random_rows,all10_tuned,P03,held_only,6,Both arms raise,207,0.9660194174757282,0.961352657004831,0.963680387409201
random_rows,all10_tuned,P03,held_only,7,Forward bend,200,0.9852216748768473,1.0,0.9925558312655086
random_rows,all10_tuned,P03,held_only,8,Sitting,199,0.9748743718592965,0.9748743718592965,0.9748743718592965
random_rows,triplet_default,Pooled,all_rows,1,Standing straight,5098,0.749095513748191,0.8122793252255787,0.7794089968003011
random_rows,triplet_default,Pooled,all_rows,2,Left arm raise,724,0.7029096477794793,0.6339779005524862,0.6666666666666665
random_rows,triplet_default,Pooled,all_rows,3,Right arm raise,720,0.7653374233128835,0.6930555555555555,0.727405247813411
random_rows,triplet_default,Pooled,all_rows,4,Left shoulder touch and twist,718,0.7531055900621118,0.6754874651810585,0.7121879588839941
random_rows,triplet_default,Pooled,all_rows,5,Right shoulder touch and twist,720,0.7022556390977444,0.6486111111111111,0.6743682310469316
random_rows,triplet_default,Pooled,all_rows,6,Both arms raise,720,0.6959876543209876,0.6263888888888889,0.6593567251461988
random_rows,triplet_default,Pooled,all_rows,7,Forward bend,721,0.681877444589309,0.7253814147018031,0.7029569892473118
random_rows,triplet_default,Pooled,all_rows,8,Sitting,720,0.7928082191780822,0.6430555555555556,0.7101226993865031
random_rows,triplet_default,Pooled,held_only,1,Standing straight,4222,0.7732837778749453,0.8377546186641402,0.8042291950886767
random_rows,triplet_default,Pooled,held_only,2,Left arm raise,587,0.7347328244274809,0.65587734241908,0.693069306930693
random_rows,triplet_default,Pooled,held_only,3,Right arm raise,611,0.8311688311688312,0.7332242225859247,0.7791304347826087
random_rows,triplet_default,Pooled,held_only,4,Left shoulder touch and twist,611,0.7789855072463768,0.7037643207855974,0.7394668959587274
random_rows,triplet_default,Pooled,held_only,5,Right shoulder touch and twist,603,0.718132854578097,0.6633499170812603,0.689655172413793
random_rows,triplet_default,Pooled,held_only,6,Both arms raise,615,0.7171171171171171,0.6471544715447154,0.6803418803418803
random_rows,triplet_default,Pooled,held_only,7,Forward bend,608,0.7056145675265554,0.7648026315789473,0.734017363851618
random_rows,triplet_default,Pooled,held_only,8,Sitting,609,0.8181818181818182,0.6798029556650246,0.7426008968609865
random_rows,triplet_default,P01,all_rows,1,Standing straight,1695,0.7593856655290102,0.7876106194690266,0.7732406602953953
random_rows,triplet_default,P01,all_rows,2,Left arm raise,244,0.7372549019607844,0.7704918032786885,0.7535070140280561
random_rows,triplet_default,P01,all_rows,3,Right arm raise,240,0.7581967213114754,0.7708333333333334,0.7644628099173554
random_rows,triplet_default,P01,all_rows,4,Left shoulder touch and twist,240,0.8177339901477833,0.6916666666666667,0.7494356659142213
random_rows,triplet_default,P01,all_rows,5,Right shoulder touch and twist,240,0.6848739495798319,0.6791666666666667,0.6820083682008368
random_rows,triplet_default,P01,all_rows,6,Both arms raise,240,0.7,0.6125,0.6533333333333333
random_rows,triplet_default,P01,all_rows,7,Forward bend,241,0.6159420289855072,0.7053941908713693,0.6576402321083172
random_rows,triplet_default,P01,all_rows,8,Sitting,240,0.7959183673469388,0.65,0.7155963302752293
random_rows,triplet_default,P01,held_only,1,Standing straight,1397,0.7648247978436657,0.8124552612741589,0.787920860812218
random_rows,triplet_default,P01,held_only,2,Left arm raise,199,0.7761194029850746,0.7839195979899497,0.78
random_rows,triplet_default,P01,held_only,3,Right arm raise,203,0.815,0.8029556650246306,0.8089330024813896
random_rows,triplet_default,P01,held_only,4,Left shoulder touch and twist,208,0.8562874251497006,0.6875,0.7626666666666666
random_rows,triplet_default,P01,held_only,5,Right shoulder touch and twist,199,0.6804123711340206,0.6633165829145728,0.6717557251908397
random_rows,triplet_default,P01,held_only,6,Both arms raise,202,0.7102272727272727,0.6188118811881188,0.6613756613756614
random_rows,triplet_default,P01,held_only,7,Forward bend,200,0.6026200873362445,0.69,0.6433566433566433
random_rows,triplet_default,P01,held_only,8,Sitting,207,0.8414634146341463,0.6666666666666666,0.7439353099730458
random_rows,triplet_default,P02,all_rows,1,Standing straight,1701,0.7414346895074947,0.8142269253380364,0.7761277668814793
random_rows,triplet_default,P02,all_rows,2,Left arm raise,240,0.6881720430107527,0.5333333333333333,0.6009389671361501
random_rows,triplet_default,P02,all_rows,3,Right arm raise,240,0.8067632850241546,0.6958333333333333,0.7472035794183446
random_rows,triplet_default,P02,all_rows,4,Left shoulder touch and twist,239,0.7031963470319634,0.6443514644351465,0.6724890829694322
random_rows,triplet_default,P02,all_rows,5,Right shoulder touch and twist,240,0.6790697674418604,0.6083333333333333,0.6417582417582417
random_rows,triplet_default,P02,all_rows,6,Both arms raise,240,0.7,0.7291666666666666,0.7142857142857142
random_rows,triplet_default,P02,all_rows,7,Forward bend,240,0.766798418972332,0.8083333333333333,0.7870182555780934
random_rows,triplet_default,P02,all_rows,8,Sitting,240,0.7857142857142857,0.5958333333333333,0.6777251184834123
random_rows,triplet_default,P02,held_only,1,Standing straight,1409,0.7851077726975833,0.8530872959545777,0.8176870748299319
random_rows,triplet_default,P02,held_only,2,Left arm raise,197,0.7320261437908496,0.5685279187817259,0.64
random_rows,triplet_default,P02,held_only,3,Right arm raise,207,0.9085714285714286,0.7681159420289855,0.8324607329842931
random_rows,triplet_default,P02,held_only,4,Left shoulder touch and twist,194,0.7417582417582418,0.6958762886597938,0.7180851063829788
random_rows,triplet_default,P02,held_only,5,Right shoulder touch and twist,201,0.7222222222222222,0.6467661691542289,0.6824146981627297
random_rows,triplet_default,P02,held_only,6,Both arms raise,206,0.7209302325581395,0.7524271844660194,0.7363420427553444
random_rows,triplet_default,P02,held_only,7,Forward bend,208,0.8387096774193549,0.875,0.8564705882352941
random_rows,triplet_default,P02,held_only,8,Sitting,203,0.7965116279069767,0.6748768472906403,0.7306666666666666
random_rows,triplet_default,P03,all_rows,1,Standing straight,1702,0.7471083070452156,0.8349001175088132,0.7885682574916759
random_rows,triplet_default,P03,all_rows,2,Left arm raise,240,0.6745283018867925,0.5958333333333333,0.6327433628318585
random_rows,triplet_default,P03,all_rows,3,Right arm raise,240,0.7313432835820896,0.6125,0.6666666666666667
random_rows,triplet_default,P03,all_rows,4,Left shoulder touch and twist,239,0.7432432432432432,0.6903765690376569,0.7158351409978307
random_rows,triplet_default,P03,all_rows,5,Right shoulder touch and twist,240,0.7452830188679245,0.6583333333333333,0.6991150442477875
random_rows,triplet_default,P03,all_rows,6,Both arms raise,240,0.6861702127659575,0.5375,0.602803738317757
random_rows,triplet_default,P03,all_rows,7,Forward bend,240,0.6680672268907563,0.6625,0.6652719665271967
random_rows,triplet_default,P03,all_rows,8,Sitting,240,0.7961165048543689,0.6833333333333333,0.73542600896861
random_rows,triplet_default,P03,held_only,1,Standing straight,1416,0.7697241821680565,0.847457627118644,0.8067226890756303
random_rows,triplet_default,P03,held_only,2,Left arm raise,191,0.6882352941176471,0.612565445026178,0.6481994459833795
random_rows,triplet_default,P03,held_only,3,Right arm raise,201,0.7682926829268293,0.6268656716417911,0.6904109589041096
random_rows,triplet_default,P03,held_only,4,Left shoulder touch and twist,209,0.7487684729064039,0.7272727272727273,0.7378640776699029
random_rows,triplet_default,P03,held_only,5,Right shoulder touch and twist,203,0.7540983606557377,0.6798029556650246,0.7150259067357513
random_rows,triplet_default,P03,held_only,6,Both arms raise,207,0.7195121951219512,0.5700483091787439,0.6361185983827493
random_rows,triplet_default,P03,held_only,7,Forward bend,200,0.6807511737089202,0.725,0.702179176755448
random_rows,triplet_default,P03,held_only,8,Sitting,199,0.8176470588235294,0.6984924623115578,0.7533875338753387
